INSERT INTO DEALER VALUES('DL001','Josh','Quale','Quale Eggs', '456 Hairs Street','Walnut','CA',91789,9099006924,883716381,'Call cell phone first. Up to 15% discount is approved.');
INSERT INTO DEALER VALUES('DL002','Marquarious','Huggs','Huggs 4 All','175 Bee Avenue','Diamond Bar','CA',91783,9095733255,162748885,'Discounts are not approved');
INSERT INTO DEALER VALUES('DL003','John','Huggs','Walmart Clone','02394 Court Street','Brea','CA',93758,9099163857,999966847,'Discounts are not approved');
INSERT INTO DEALER VALUES('DL004','Gina','George','Flowers of GG','34239 Cameron Way','Costa Mesa','CA',84629,6264769374,867583773,'Has a business partner named Gina');
INSERT INTO DEALER VALUES('DL005','Kobe','James','KJ Eats','12349 Sleepy Avenue','Long Beach','CA',94629,9375836296,444456374,'');
INSERT INTO DEALER VALUES('DL006','Toby','Jaguars','Jags Sports Bar','1239 Wya Way','Irvine','CA',92759,0592847152,968888855,'Nick name is Travis');
INSERT INTO DEALER VALUES('DL007','Zoe','DaShanelle','Lessons for Actors','230 Jessup Road','West Covina','CA',91784,6473829473,246969443,'NA');
INSERT INTO DEALER VALUES('DL008','Trisha','Krisha','English Bread Store','193 Yessica Road','West Covina','CA',91784,7155736254,957453333,'');
INSERT INTO DEALER VALUES('DL009','Patrisha','Pakrisha','Soapy Soaps','539 Mouse Street','Rowland','CA',90375,1738261569,978999555,'Contact by email @Pakrisha@yahoo.com');
INSERT INTO DEALER VALUES('DL010','Erica','Le','Training Essentials','5820 Hammerhead Road','Rancho Cucamonga','CA',92548,9372817465,687996888,'10% discounts are allowed');
INSERT INTO DEALER VALUES('DL011','Harold','McHaroldson','Business Professional','1205 Road Way','Upland','CA',91786,9372648392,886758694,'Awaiting response for discounts');
INSERT INTO DEALER VALUES('DL012','Regina','Ford','Cars and More','5920 Kelly Way','Pomona','CA',91780,9184637582,332324133,'No current discounts');
INSERT INTO DEALER VALUES('DL013','Venus','Mars','Science Fiction Store','249 Leaf Road','La Puente','CA',91366,9174859977,096837756,'No comments');
INSERT INTO DEALER VALUES('DL014','Numan','Truman','Movie and Films: For You','5916 Shmac Avenue','Industry','CA',91860,9933774625,917446352,'Prefer text over call');
INSERT INTO DEALER VALUES('DL015','Ludacris','Booker','Sports Memories','559 Umpire Street','Walnut','CA',92781,7488591715,883756185,'No comments');


INSERT INTO BOOTH VALUES('A-01','Outside Perimeter','Vacant','Green','1','1');
INSERT INTO BOOTH VALUES('A-02','Outside Perimeter','Vacant','Tan','1','0');
INSERT INTO BOOTH VALUES('A-03','Outside Perimeter','Vacant','Yellow','1','1');
INSERT INTO BOOTH VALUES('A-04','Outside Perimeter','Vacant','White','1','0');
INSERT INTO BOOTH VALUES('A-05','Outside Perimeter','Occupied','Green','1','1');
INSERT INTO BOOTH VALUES('B-01','Inside Perimeter','Occupied','Tan','1','0');
INSERT INTO BOOTH VALUES('B-02','Inside Perimeter','Occupied','Yellow','1','1');
INSERT INTO BOOTH VALUES('B-03','Inside Perimeter','Occupied','White','1','0');
INSERT INTO BOOTH VALUES('B-04','Inside Perimeter','Occupied','Green','0','1');
INSERT INTO BOOTH VALUES('B-05','Inside Perimeter','Occupied','Tan','0','0');
INSERT INTO BOOTH VALUES('C-01','Aisle','Occupied','Yellow','0','1');
INSERT INTO BOOTH VALUES('C-02','Aisle','Vacant','White','0','0');
INSERT INTO BOOTH VALUES('C-03','Aisle','Vacant','Green','0','1');
INSERT INTO BOOTH VALUES('C-04','Aisle','Vacant','Tan','0','0');
INSERT INTO BOOTH VALUES('C-05','Aisle','Vacant','Yellow','0','1');


INSERT INTO LEASES VALUES('LS001',310,'4.00','A-01','DL001');
INSERT INTO LEASES VALUES('LS002',310,'3.01','A-02','DL002');
INSERT INTO LEASES VALUES('LS003',290,'7.38','A-03','DL003');
INSERT INTO LEASES VALUES('LS004',290,'3.20','A-04','DL004');
INSERT INTO LEASES VALUES('LS005',290,'1.30','A-05','DL005');
INSERT INTO LEASES VALUES('LS006',120,'5.81','B-01','DL006');
INSERT INTO LEASES VALUES('LS007',120,'2.32','B-02','DL007');
INSERT INTO LEASES VALUES('LS008',120,'5.22','B-03','DL008');
INSERT INTO LEASES VALUES('LS009',105,'6.10','B-04','DL009');
INSERT INTO LEASES VALUES('LS010',105,'1.39','B-05','DL010');
INSERT INTO LEASES VALUES('LS011',90,'1.30','C-01','DL011');
INSERT INTO LEASES VALUES('LS012',90,'2.40','C-02','DL012');
INSERT INTO LEASES VALUES('LS013',90,'1.82','C-03','DL013');
INSERT INTO LEASES VALUES('LS014',90,'6.29','C-04','DL014');
INSERT INTO LEASES VALUES('LS015',90,'1.39','C-05','DL015');


INSERT INTO PRODUCT VALUES('PR001','Nike Skylons','Shoes',210);
INSERT INTO PRODUCT VALUES('PR002','Balenciaga 22 Coat','Coat',402);
INSERT INTO PRODUCT VALUES('PR003','Silver Spoon Set','Kitchen Appliances',30);
INSERT INTO PRODUCT VALUES('PR004','PC With Windows 11','Computer',1050);
INSERT INTO PRODUCT VALUES('PR005','Pizza and Wings','Food',15);
INSERT INTO PRODUCT VALUES('PR006','Wings and Pizza','Food',15);
INSERT INTO PRODUCT VALUES('PR007','Addidas Club C','Shoes',78);
INSERT INTO PRODUCT VALUES('PR008','Lavendar Hand Soap','Soap',10);
INSERT INTO PRODUCT VALUES('PR009','Irish Spring Body Wash','Soap',15);
INSERT INTO PRODUCT VALUES('PR010','Inception DVD','DVD',20);
INSERT INTO PRODUCT VALUES('PR011','Brockhampton Documentary','DVD',5);
INSERT INTO PRODUCT VALUES('PR012','Sushi Bar','Food',29);
INSERT INTO PRODUCT VALUES('PR013','Versache Cologne 2009','Cologne',300);
INSERT INTO PRODUCT VALUES('PR014','Jansport Casual Shirt','Shirt',20);
INSERT INTO PRODUCT VALUES('PR015','Nike Athletic Dri Fit Shorts','Shorts',32);



INSERT INTO SALES VALUES('TRNS000001','01-20-2022','DL001','PR001');
INSERT INTO SALES VALUES('TRNS000002','01-21-2022','DL001','PR011');
INSERT INTO SALES  VALUES('TRNS000003','01-22-2022','DL002','PR009');
INSERT INTO SALES VALUES('TRNS000004','01-23-2022','DL015','PR001');
INSERT INTO SALES VALUES('TRNS000005','01-27-2022','DL014','PR005');
INSERT INTO SALES VALUES('TRNS000006','02-24-2022','DL010','PR008');
INSERT INTO SALES VALUES('TRNS000007','02-11-2022','DL003','PR012');
INSERT INTO SALES VALUES('TRNS000008','02-04-2022','DL004','PR002');
INSERT INTO SALES VALUES('TRNS000009','02-12-2022','DL002','PR013');
INSERT INTO SALES VALUES('TRNS000010','02-04-2022','DL006','PR004');
INSERT INTO SALES VALUES('TRNS000011','03-06-2022','DL012','PR001');
INSERT INTO SALES VALUES('TRNS000012','03-19-2022','DL011','PR007');
INSERT INTO SALES VALUES('TRNS000013','03-12-2022','DL011','PR004');
INSERT INTO SALES VALUES('TRNS000014','03-15-2022','DL008','PR015');
INSERT INTO SALES VALUES('TRNS000015','03-13-2022','DL006','PR003');

Select * From DEALER; 
Select * From BOOTH; 
Select * From LEASES; 
Select * From PRODUCT; 
Select * From SALES; 
